,0
metabolism,1
getting older,2
sleep,3
blaming mom,4
hoarding,5
hpv,6
men and hpv,7
self help,8
marriage,9
hipsters,10
dating losers,11
homeless,12
asian husband,13
met husband,14
hooking up,15
white guy,16
korean,17
cuban,18
racist,19
sexiest,20
hair,21
odor,22
vietnamese,23
white people,24
engagement,25
trap partner,26
proposing,27
pinterest,28
dress,29
dependent,30
lay down,31
play dumb,32
feminism,33
options,34
housewives,35
muffle,36
coworkers,37
father-in-law,38
diet,39
porn,40
anal,41
craigslist,42
brag,43
sex experimentation,44
strong women,45
control,46
bossy,47
male comics,48
double standard,49
mom,50
stay at home,51
preganancy,52
asian women,53
bad drivers,54
support,55
recycle,56
wet,57
smell fingers,58
clinical sex,59
closing eyes,60
orgasm,61
conception,62
doctor,63
miscarriage,64
husband watches,65
relationship leverage,66
poop,67
berate,68
conclusion,69
debt,70
